Workbook

Sheet Index
A1: Metadata
A2: Description: | B2: This is the hazard scoring sheet for the eruptive centres in the Central Highlands subprovince of SE Australia's Newer Volcanics Province. The dataset was produced to quantify potential hazards based on proxy data, and to prioritise future fieldwork and analyses on under‑researched centres.
A3: Sheet overview: | B3: Sheet 2 - Automatically updating page with values from other sheets Sheet 3 - Recurrence interval checkbox scoring Sheet 4 - Lahars checkbox scoring Sheet 5 - Pyroclastic density current (PDC) scoring Sheet 6 - Tephra scoring Sheet 7 - Volcanic tsunami scoring Sheet 8 - Littoral hazards scoring Sheet 9 - Bibliography with references used to assess data completeness and hazard potential, in APA 7th format and alphabetised by author then title.
A4: How to use: | B4: When scoring individual eruptive centres, the checkboxes on Sheets 3 through 8 can be filled in based on the information the user has. The numbers on Sheet 2 automatically update and calculate the hazard score.
A5: Last updated: | B5: 45943
A7: Author Information
A8: Name: | B8: Holly Rose Taylor
A9: Email: | B9: hrtaylor2003@gmail.com
A10: ORCID: | B10: 0009-0005-8162-5946
A11: Github: | B11: https://github.com/missholphin
A13: Column Index (scoring sheets)
A15: Column name | B15: Description
A16: Condition | B16: The condition, formed from proxy data, that can indicate the potential hazard of an eruptive centre.
A17: Tick box if yes | B17: If condition is met, the checkbox in this column can be checked. The score will be automatically added.
A18: Points | B18: The amount of points assigned to each condition.
A19: Rationale | B19: Supporting research behind the creation of each condition and the assignment of points

Sheet Calculator Page
C2: Total Score | D2: Weight | F2: Custom Weights (optional)
A3: Eruption Habits | B3: Recurrence Interval | C3: ='Recurrence Interval'!C11 -> 0 | D3: =IF(ISBLANK(F3),A19,F3) -> 10
A4: Associated Hazards | B4: Lahars | C4: =Lahars!C10 -> 0 | D4: =IF(ISBLANK(F4),A20,F4) -> 21.703262
B5: PDCs | C5: =PDCs!D11 -> 0 | D5: =IF(ISBLANK(F5),A21,F5) -> 52.544739
B6: Tephra | C6: =Tephra!D21 -> 0 | D6: =IF(ISBLANK(F6),A22,F6) -> 7.9959386
B7: Volcanic Tsunami | C7: ='Volcanic Tsunami'!C8 -> 0 | D7: =IF(ISBLANK(F7),A23,F7) -> 6.8536616
B8: Littoral/Ocean Entry Hazards (Laze) | C8: ='Littoral Hazards'!C8 -> 0 | D8: =IF(ISBLANK(F8),A24,F8) -> 0.90239878
B11: Total Hazard Score: | C11: =(SUM(,C3*D3,C4*D4,C5*D5,C6*D6,C7*D7,C8*D8))/100 -> 0
B12: Maximum possible score: | C12: 20
A14: Please do not edit on this page! These cells automatically update from activity in other cells
A15: These cells can be edited as needed
A18: Taylor Thesis Weights
A19: 10 | B19: =(C3*D3)/100 -> 0
A20: 21.703262 | B20: =(C4*D4)/100 -> 0
A21: 52.544739 | B21: =(C5*D5)/100 -> 0
A22: 7.9959386 | B22: =(C6*D6)/100 -> 0
A23: 6.8536616 | B23: =(C7*D7)/100 -> 0
A24: 0.90239878 | B24: =(C8*D8)/100 -> 0

Sheet Recurrence Interval
A1: Recurrence Interval
A2: Condition | B2: Tick box if yes | C2: Points | D2: Rationale
A3: If eruption interval is 1-99 years | B3: FALSE | C3: 20 | D3: From Ewert (2018)
A4: If eruption interval is 100-1000 years | B4: FALSE | C4: 16 | D4: From Ewert (2018)
A5: If eruption interval is 1000-5000 years | B5: FALSE | C5: 12 | D5: From Ewert (2018)
A6: If eruption interval is 5000-10000 years | B6: FALSE | C6: 8 | D6: From Ewert (2018)
A7: If eruption interval is >10000 years | B7: FALSE | C7: 4 | D7: From Ewert (2018)
A8: If no known Holocene eruption, volcano type = 0 | B8: FALSE | C8: 0 | D8: From Ewert (2018)
A9: If no known Holocene eruption, volcano type = 1 | B9: FALSE | C9: 4 | D9: Adapted from Ewert (2018). The longer felsic volcanoes have been in repose, the more likely they are to awaken with a higher VEI (Bebbington, 2014). Therefore, explosive volcanoes cannot be assigned a 0 solely based on dormancy
B11: Total score: | C11: =SUMIF(B3:B9, TRUE, C3:C9) -> 0

Sheet Lahars
A1: Lahars
A2: Condition | B2: Tick box if yes | C2: Points | D2: Rationale
A3: If volcanic eruption has produced a lahar in recorded history, or geological evidence of lahar exists | B3: FALSE | C3: 7 | D3: From Ewert (2018) - does not guarantee future occurrence
A4: If volcano has a source of permanent water/ice on edifice, water volume >10^6 m3, or there is a known aquifer (<10km) underground | B4: FALSE | C4: 5 | D4: From Ewert (2018) - Phreatomagmatic eruption + lahar potential
A5: Slope >25% | B5: FALSE | C5: 3 | D5: Steepness alone doesn't guarantee lahar without water + material (Vallance & Iverson, 2015)
A6: Evidence of past explosive eruptions (VEI ≥ 2) or intermediate to felsic geochemistry (>53% SiO₂) | B6: FALSE | C6: 2 | D6: Brown et al. (2017) More explosive eruptions produce more material (debris)
A7: Above 1168mm annual rainfall (global average) | B7: FALSE | C7: 2 | D7: Lahar potential https://shorturl.at/39sEl
A8: Average annual rainfall above >2500mm | B8: FALSE | C8: 3
B10: Total score: | C10: =SUMIF(B3:B8, TRUE, C3:C8) -> 0

Sheet PDCs
A1: PDCS
A2: Condition | C2: Tick box if yes | D2: Points | E2: Rationale
A3: If volcanic eruption has produced a PDC in recorded history, or geological evidence of PDC exists | C3: FALSE | D3: 8 | E3: From Ewert (2018) - does not guarantee future occurrence
A4: Volcano has since rebuilt its flank | C4: FALSE | D4: 4 | E4: From Ewert (2018) - More debris volume + instability
A5: Slope >15% | C5: FALSE | D5: 2 | E5: (Brand et al., 2016) - Steepness alone doesn't guarantee PDC without material + collapse
A6: Evidence of past explosive eruptions (VEI ≥ 2) or intermediate to felsic geochemistry (>53% SiO₂) | C6: FALSE | D6: 2 | E6: Brown et al. (2017)
A7: Dome Height | B7: >150m | C7: FALSE | D7: 2 | E7: Taller/steeper domes result in faster and longer currents (Breard, 2016; Dufek et al., 2015; Valentine et al., 2011)
B8: 50-150m | C8: FALSE | D8: 1
B9: <50m | C9: FALSE | D9: 0
C11: Total score: | D11: =SUMIF(C3:C9, TRUE, D3:D9) -> 0

Sheet Tephra
B1: Tephra
B2: Condition | C2: Tick box if yes | D2: Points | E2: Rationale
B3: PM 2.5 long-term mean >5µg/m^3 | C3: FALSE | D3: 1 | E3: Pollution proven to exacerbate health impacts of ashfall (Tomašek et al., 2016)
B4: Evidence of past explosive eruptions (VEI ≥ 2) | C4: FALSE | D4: 2 | E4: Produce more intense ballistics (Mastrolorenzo et al., 2008; Williams, 2016)
B5: If volcano has a source of permanent water/ice on edifice, water volume >10^6 m3, or there is a known aquifer (<10km) underground | C5: FALSE | D5: 3 | E5: Ballistics can form from both wet and dry eruptions, but ballistics from wet eruptions can travel further (Allen & Smith, 1994)
B6: Buildings or infrastructure within 3km radius of volcano | C6: FALSE | D6: 4 | E6: Approximate maximum distance for ballistic ejecta to travel in violent phreatomagmatic eruptions (Allen & Smith, 1994) - can result in significant building damage and fatality
B8: Condition | C8: Tick box if yes | D8: Points | E8: Rationale
A9: Volcano Type | B9: Type 0: Volcano type is cinder cone, basaltic field, small shield, or fissure vents | C9: FALSE | D9: 2 | E9: From Ewert (2018) - these volcano types tend to produce more effusive eruptions. This does not mean there will be no hazard
B10: Type 1: Volcano type is stratocone, lava domes, complex volcano, maar or caldera | C10: FALSE | D10: 8 | E10: From Ewert (2018) - these volcano types tend to produce more explosive eruptions
B12: Condition | C12: Tick box if yes | D12: Points | E12: Rationale
A13: Explosivity | B13: Maximum known VEI = 2 (or Icelandic or Hawaiian style) | C13: FALSE | D13: 3 | E13: Ewert (2018)
B14: Maximum known VEI = 3 or 4 (or Surtseyan, Phreatomagmatic or Strombolian eruption style) | C14: FALSE | D14: 6 | E14: Ewert (2018)
B15: Maximum known VEI = 5 or 6 (or Vulcanian or Peléan eruption style) | C15: FALSE | D15: 9 | E15: Ewert (2018)
B16: Maximum known VEI = 7 (or Plinian eruption style) | C16: FALSE | D16: 12 | E16: Ewert (2018) Worst case scenario - no guarantee that this will happen again
B17: No maximum VEI recorded and volcano type= 0 | C17: FALSE | D17: 0 | E17: Ewert (2018)
B18: No maximum VEI recorded and volcano type= 1 | C18: FALSE | D18: 1 | E18: Ewert (2018)
C20: Total score: | D20: =SUMIF(C3:C18, TRUE, D3:D18) -> 0
C21: Contribution: | D21: =D20/2 -> 0

Sheet Volcanic Tsunami
A1: Volcanic Tsunami
A2: Condition | B2: Tick box if yes | C2: Points | D2: Rationale
A3: Submarine volcano, or volcano with permanent water source | B3: FALSE | C3: 12 | D3: These volcano types are most capable of producing tsunamis (Day, 2015)
A4: <15km from shoreline | B4: FALSE | C4: 2 | D4: Standard extent of basaltic lava flows (Kilburn, 2015)
A5: Unstable slopes | B5: FALSE | C5: 3 | D5: Can cause sudden ground deformation (Day, 2015)
A6: PDC Score >10 | B6: FALSE | C6: 3 | D6: Largest tsunamis tend to occur as a result of PDCs (Latter, 1981)
B8: Total score: | C8: =SUMIF(B3:B6, TRUE, C3:C6) -> 0

Sheet Littoral Hazards
A1: Littoral/Ocean Entry Hazards
A2: Condition | B2: Tick box if yes | C2: Points | D2: Rationale
A3: Subaerial vent <15km from shoreline | B3: FALSE | C3: 2 | D3: The typical distance of basaltic lava flows (Kilburn, 2015)
A4: Steep slope of lava delta (>20º) | B4: FALSE | C4: 1 | D4: More likely to result in lava delta collapse (Di Traglia et al., 2018; Taylor‐West et al., 2024)
A5: Existence of lava delta | B5: FALSE | C5: 11 | D5: Lava delta collapse is the primary cause of ocean entry hazards
A6: If volcano has a source of permanent water/ice on edifice, water volume >10^6 m3, there are rivers in close proximity or there is a known aquifer (>10km) underground | B6: FALSE | C6: 6 | D6: Most littoral hazards occur in coastal settings, however lava flow interaction with surface water can produce significant hazards (Boreham et al., 2020)
B8: Total score: | C8: =SUMIF(B3:B6, TRUE, C3:C6) -> 0

Sheet Bibliography
A1: References
A3: Citation
A4: Allen, S. R., & Smith, I. E. M. (1994). Eruption styles and volcanic hazard in the Auckland Volcanic Field, New zealand. Geoscience Reports of Shizuoka University, 20, 5–14.
A5: Bebbington, M. S. (2014). Long-term forecasting of volcanic explosivity. Geophysical Journal International, 197(3), 1500–1515. https://doi.org/10.1093/gji/ggu078
A6: Boreham, F., Cashman, K., & Rust, A. (2020). Hazards from lava–river interactions during the 1783–1784 Laki fissure eruption. GSA Bulletin, 132(11–12), 2651–2668. https://doi.org/10.1130/B35183.1
A7: Brand, B. D., Bendaña, S., Self, S., & Pollock, N. (2016). Topographic controls on pyroclastic density current dynamics: Insight from 18 May 1980 deposits at Mount St. Helens, Washington (USA). Journal of Volcanology and Geothermal Research, 321, 1–17. https://doi.org/10.1016/j.jvolgeores.2016.04.018
A8: Breard, E. (2016). Dynamics of pyroclastic density currents [PhD Thesis]. Masey University.
A9: Brown, S. K., Jenkins, S. F., Sparks, R. S. J., Odbert, H., & Auker, M. R. (2017). Volcanic fatalities database: Analysis of volcanic threat with distance and victim classification. Journal of Applied Volcanology, 6(1), 15. https://doi.org/10.1186/s13617-017-0067-4
A10: Day, S. J. (2015). Volcanic Tsunamis. In The Encyclopedia of Volcanoes (pp. 993–1009). Elsevier. https://doi.org/10.1016/B978-0-12-385938-9.00058-4
A11: Di Traglia, F., Nolesini, T., Solari, L., Ciampalini, A., Frodella, W., Steri, D., Allotta, B., Rindi, A., Marini, L., Monni, N., Galardi, E., & Casagli, N. (2018). Lava delta deformation as a proxy for submarine slope instability. Earth and Planetary Science Letters, 488, 46–58. https://doi.org/10.1016/j.epsl.2018.01.038
A12: Dufek, J., Esposti Ongaro, T., & Roche, O. (2015). Pyroclastic Density Currents: Processes and Models. In The Encyclopedia of Volcanoes (pp. 617–629). Elsevier. https://doi.org/10.1016/B978-0-12-385938-9.00035-3
A13: Ewert, J., Diefenbach, A., & Ramsey, D. W. (2018). 2018 Update to the U.S. Geological Survey National Volcanic Threat Assessment (Scientific Investigations Report) [Scientific Investigations Report]. https://doi.org/10.3133/sir20185140
... A21: Williams, G. T. (2016). The vulnerablity of Auckland city’s buildings to tephra hazards. [University of Canterbury]. https://doi.org/10.26021/5816
